{"elevatorPath":"base\\gameplay\\devices\\elevators\\appearances\\elevator_kitsch_a_atlantis_1_entrance.ent","center":{"y":476.30218505859,"x":-2068.1428222656,"z":8.0526733398438,"w":1},"waypointPosition":{"y":471.26358032227,"x":-2076.0661621094,"z":9.991455078125,"w":1},"elevatorTime":5,"stationID":7,"useDoors":false,"elevatorPlayerRotation":{"yaw":-89.789932250977,"roll":-0,"pitch":0},"radius":9,"elevatorPosition":{"y":490.12106323242,"x":-2046.1296386719,"z":49.618370056152,"w":1}}