{"elevatorPath":"base\\gameplay\\devices\\elevators\\appearances\\elevator_neomilitary_a_hotel_1_entrance.ent","center":{"y":83.221343994141,"x":-97.592422485352,"z":40.640930175781,"w":1},"waypointPosition":{"y":70.417510986328,"x":-105.01560974121,"z":40.270774841309,"w":1},"elevatorTime":5,"stationID":10,"useDoors":false,"elevatorPlayerRotation":{"yaw":-89.635482788086,"roll":-0,"pitch":0},"radius":6,"elevatorPosition":{"y":79.520736694336,"x":-80.321075439453,"z":40.344772338867,"w":1}}