{"elevatorPath":"base\\gameplay\\devices\\elevators\\appearances\\elevator_neomilitary_a_hotel_1_entrance.ent","center":{"y":83.221343994141,"x":-97.592422485352,"z":40.640930175781,"w":1},"waypointPosition":{"y":70.417510986328,"x":-105.01560974121,"z":40.270774841309,"w":1},"elevatorTime":5,"secondaryPosition":{"y":0,"x":0,"z":0,"w":0},"stationID":10,"useSecondaryElevator":false,"useDoors":false,"elevatorPlayerRotation":{"yaw":-89.635482788086,"roll":0,"pitch":0},"radius":70,"elevatorPosition":{"y":103.06945800781,"x":-103.12461853027,"z":33.037261962891,"w":1}}