{"elevatorPath":"base\\gameplay\\devices\\elevators\\appearances\\elevator_kitsch_a_jt_1_entrance_tv.ent","center":{"y":-355.67468261719,"x":-1031.9996337891,"z":5.7344818115234,"w":1},"waypointPosition":{"y":-355.99291992188,"x":-1049.7977294922,"z":7.7099380493164,"w":1},"elevatorTime":5,"stationID":12,"useDoors":false,"elevatorPlayerRotation":{"yaw":-90.179992675781,"roll":0,"pitch":0},"radius":16,"elevatorPosition":{"y":-401.65954589844,"x":-1029.6409912109,"z":41.288925170898,"w":1}}