{"elevatorPath":"base\\gameplay\\devices\\elevators\\appearances\\elevator_kitsch_a_jt_1_entrance_tv.ent","center":{"y":-355.67468261719,"x":-1031.9996337891,"z":5.7344818115234,"w":1},"waypointPosition":{"y":-355.99291992188,"x":-1049.7977294922,"z":7.7099380493164,"w":1},"elevatorTime":5,"secondaryPosition":{"y":-400.63049316406,"x":-1034.8774414063,"z":33.02335357666,"w":1},"stationID":12,"useSecondaryElevator":true,"useDoors":false,"elevatorPlayerRotation":{"yaw":-90.179992675781,"roll":0,"pitch":0},"radius":16,"elevatorPosition":{"y":-404.99499511719,"x":-1032.2113037109,"z":42.028259277344,"w":1}}