{"elevatorPath":"base\\gameplay\\devices\\elevators\\appearances\\elevator_kitsch_a_jt_1_entrance_tv.ent","center":{"y":1866.9002685547,"x":-1771.2807617188,"z":18.260704040527,"w":1},"waypointPosition":{"y":1867.0618896484,"x":-1773.203125,"z":18.260704040527,"w":1},"elevatorTime":5,"stationID":1,"useDoors":false,"elevatorPlayerRotation":{"yaw":-89.849746704102,"roll":-0,"pitch":0},"radius":6,"elevatorPosition":{"y":1857.1634521484,"x":-1767.1462402344,"z":30.250915527344,"w":1}}