{"elevatorPath":"base\\gameplay\\devices\\elevators\\appearances\\elevator_kitsch_a_jt_1_entrance_tv.ent","center":{"y":1025.6065673828,"x":-1388.3491210938,"z":27.144645690918,"w":1},"waypointPosition":{"y":1022.236328125,"x":-1402.5430908203,"z":29.05248260498,"w":1},"elevatorTime":5,"stationID":3,"useDoors":false,"elevatorPlayerRotation":{"yaw":-179.94996643066,"roll":-0,"pitch":0},"radius":10,"elevatorPosition":{"y":1025.0231933594,"x":-1393.5422363281,"z":39.535957336426,"w":1}}