{"elevatorPath":"base\\gameplay\\devices\\elevators\\appearances\\elevator_kitsch_a_jt_1_entrance_tv.ent","center":{"y":1475.6424560547,"x":-1606.7814941406,"z":18.213150024414,"w":1},"waypointPosition":{"y":1471.318359375,"x":-1606.9865722656,"z":18.208808898926,"w":1},"elevatorTime":5,"stationID":5,"useDoors":false,"elevatorPlayerRotation":{"yaw":-89.990188598633,"roll":-0,"pitch":0},"radius":5,"elevatorPosition":{"y":1476.9112548828,"x":-1601.3687744141,"z":42.566436767578,"w":1}}