{"elevatorPath":"base\\gameplay\\devices\\elevators\\appearances\\elevator_kitsch_a_jt_1_entrance_tv.ent","center":{"y":1475.6424560547,"x":-1606.7814941406,"z":18.213150024414,"w":1},"waypointPosition":{"y":1471.318359375,"x":-1606.9865722656,"z":18.208808898926,"w":1},"elevatorTime":5,"stationID":5,"useDoors":false,"elevatorPlayerRotation":{"yaw":-90.260269165039,"roll":0,"pitch":0},"radius":5,"elevatorPosition":{"y":1476.8814697266,"x":-1608.8857421875,"z":45.672500610352,"w":1}}