{"elevatorPath":"base\\gameplay\\devices\\elevators\\appearances\\elevator_kitsch_a_jt_1_entrance_tv.ent","center":{"y":-643.47741699219,"x":-1562.3430175781,"z":5.6414184570313,"w":1},"waypointPosition":{"y":-628.6171875,"x":-1573.2387695313,"z":7.5206680297852,"w":1},"elevatorTime":5,"stationID":13,"useDoors":false,"elevatorPlayerRotation":{"yaw":-90.03002166748,"roll":0,"pitch":0},"radius":16,"elevatorPosition":{"y":-643.46368408203,"x":-1563.046875,"z":58.581214904785,"w":1}}