{"elevatorPath":"base\\gameplay\\devices\\elevators\\appearances\\common_elevator_a_intro_1_entrance.ent","center":{"y":-1161.2230224609,"x":154.01901245117,"z":32.632362365723,"w":1},"waypointPosition":{"y":-1175.3818359375,"x":142.73834228516,"z":31.560966491699,"w":1},"elevatorTime":5,"secondaryPosition":{"y":0,"x":0,"z":0,"w":0},"stationID":20,"useSecondaryElevator":false,"useDoors":false,"elevatorPlayerRotation":{"yaw":-89.951171875,"roll":0,"pitch":0},"radius":45,"elevatorPosition":{"y":-1162.4233398438,"x":155.53248596191,"z":32.613288879395,"w":1}}