{"elevatorPath":"base\\gameplay\\devices\\elevators\\appearances\\common_elevator_a_destroyed_tyger_claw_1_entrance.ent","center":{"y":200.40950012207,"x":-572.83764648438,"z":22.274848937988,"w":1},"waypointPosition":{"y":200.13844299316,"x":-593.65496826172,"z":23.123268127441,"w":1},"elevatorTime":5,"stationID":11,"useDoors":false,"elevatorPlayerRotation":{"yaw":-90.137405395508,"roll":-0,"pitch":0},"radius":18,"elevatorPosition":{"y":207.63374328613,"x":-589.59716796875,"z":46.491180419922,"w":1}}