{"elevatorPath":"base\\gameplay\\devices\\elevators\\appearances\\elevator_kitsch_a_jt_1_entrance_tv.ent","center":{"y":-685.5126953125,"x":-2118.064453125,"z":6.8038101196289,"w":1},"waypointPosition":{"y":-674.63061523438,"x":-2100.2189941406,"z":8.7020263671875,"w":1},"elevatorTime":5,"secondaryPosition":{"y":-678.34735107422,"x":-2131.5759277344,"z":65.538208007813,"w":1},"stationID":14,"useSecondaryElevator":true,"useDoors":false,"elevatorPlayerRotation":{"yaw":-90.090003967285,"roll":0,"pitch":0},"radius":16,"elevatorPosition":{"y":-671.68798828125,"x":-2077.8510742188,"z":80.418258666992,"w":1}}