{"elevatorPath":"base\\gameplay\\devices\\elevators\\appearances\\elevator_kitsch_a_hospital_1_entrance.ent","center":{"y":1756.6672363281,"x":-1407.4912109375,"z":16.291893005371,"w":1},"waypointPosition":{"y":1742.1389160156,"x":-1398.3786621094,"z":18.200004577637,"w":1},"elevatorTime":5,"stationID":2,"useDoors":false,"elevatorPlayerRotation":{"yaw":-0.29958438873291,"roll":-0,"pitch":0},"radius":16,"elevatorPosition":{"y":1774.1096191406,"x":-1389.3167724609,"z":37.459030151367,"w":1}}