{"elevatorPath":"base\\gameplay\\devices\\elevators\\appearances\\common_elevator_a_destroyed_tyger_claw_1_entrance.ent","center":{"y":1126.4743652344,"x":-530.71948242188,"z":34.725448608398,"w":1},"waypointPosition":{"y":1130.4766845703,"x":-544.63098144531,"z":36.59154510498,"w":1},"elevatorTime":5,"stationID":9,"useDoors":false,"elevatorPlayerRotation":{"yaw":-90.085693359375,"roll":-0,"pitch":0},"radius":9,"elevatorPosition":{"y":1122.7418212891,"x":-527.02551269531,"z":64.60498046875,"w":1}}