{"elevatorPath":"base\\gameplay\\devices\\elevators\\appearances\\common_elevator_a_blue_1_entrance_hatch.ent","center":{"y":459.85015869141,"x":-1465.3981933594,"z":5.8168792724609,"w":1},"waypointPosition":{"y":442.60232543945,"x":-1453.8189697266,"z":6.8972854614258,"w":1},"elevatorTime":5,"stationID":4,"useDoors":false,"elevatorPlayerRotation":{"yaw":0.65282607078552,"roll":0,"pitch":0},"radius":16,"elevatorPosition":{"y":469.89404296875,"x":-1449.5870361328,"z":38.917922973633,"w":1}}