{"elevatorPath":"base\\gameplay\\devices\\elevators\\appearances\\common_elevator_japan_town_tv.ent","center":{"y":373.07373046875,"x":-1519.4235839844,"z":11.337745666504,"w":1},"waypointPosition":{"y":372.00192260742,"x":-1519.3900146484,"z":11.337745666504,"w":1},"elevatorTime":5,"stationID":8,"useDoors":true,"elevatorPlayerRotation":{"yaw":-90.424644470215,"roll":0,"pitch":0},"radius":6,"elevatorPosition":{"y":383.91143798828,"x":-1518.3298339844,"z":34.976989746094,"w":1}}