{"elevatorPath":"base\\gameplay\\devices\\elevators\\appearances\\common_elevator_a_1_entrance_devastated_q000.ent","center":{"y":-1786.3940429688,"x":-1394.4991455078,"z":44.138809204102,"w":1},"waypointPosition":{"y":-1787.1228027344,"x":-1400.7620849609,"z":44.138809204102,"w":1},"elevatorTime":5,"secondaryPosition":{"y":-1830.1929931641,"x":-1440.5034179688,"z":50.948837280273,"w":1},"stationID":17,"useSecondaryElevator":true,"useDoors":false,"elevatorPlayerRotation":{"yaw":-89.459770202637,"roll":0,"pitch":0},"radius":12,"elevatorPosition":{"y":-1880.3015136719,"x":-1470.6984863281,"z":62.378364562988,"w":1}}