{
    "elevatorTime": 5,
    "elevatorPath": "base\\gameplay\\devices\\elevators\\appearances\\common_elevator_a_1_entrance_devastated_q000.ent",
    "elevatorPosition": {
        "w": 1,
        "z": 61.830940246582,
        "x": -1480.1997070313,
        "y": -1888.2368164063
    },
    "secondaryPosition": {
        "w": 1,
        "z": 65.268356323242,
        "x": -1486.4545898438,
        "y": -1832.3118896484
    },
    "useDoors": false,
    "useSecondaryElevator": true,
    "center": {
        "w": 1,
        "z": 65.078033447266,
        "x": -1485.3609619141,
        "y": -1770.9085693359
    },
    "waypointPosition": {
        "w": 1,
        "z": 65.078033447266,
        "x": -1485.3609619141,
        "y": -1770.9085693359
    },
    "elevatorPlayerRotation": {
        "pitch": 0,
        "yaw": -89.686935424805,
        "roll": -0
    },
    "stationID": 17,
    "radius": 12
}