{"elevatorPath":"base\\gameplay\\devices\\elevators\\appearances\\common_elevator_japan_town_tv.ent","center":{"y":-1943.7708740234,"x":-1543.9906005859,"z":62.844886779785,"w":1},"waypointPosition":{"y":-1935.8514404297,"x":-1569.35546875,"z":72.923095703125,"w":1},"elevatorTime":5,"secondaryPosition":{"y":0,"x":0,"z":0,"w":0},"stationID":16,"useSecondaryElevator":false,"useDoors":false,"elevatorPlayerRotation":{"yaw":-89.65983581543,"roll":0,"pitch":0},"radius":12,"elevatorPosition":{"y":-1956.9512939453,"x":-1522.1046142578,"z":73.433380126953,"w":1}}