{"elevatorPath":"base\\gameplay\\devices\\elevators\\appearances\\elevator_kitsch_a_jt_1_entrance_tv.ent","center":{"y":-1433.970703125,"x":-1060.44921875,"z":30.788017272949,"w":1},"waypointPosition":{"y":-1441.8422851563,"x":-1053.4818115234,"z":30.788024902344,"w":1},"elevatorTime":5,"secondaryPosition":{"y":0,"x":0,"z":0,"w":0},"stationID":18,"useSecondaryElevator":false,"useDoors":false,"elevatorPlayerRotation":{"yaw":-90.330421447754,"roll":0,"pitch":0},"radius":18,"elevatorPosition":{"y":-1412.5703125,"x":-1072.0152587891,"z":44.56111907959,"w":1}}