{"elevatorPath":"base\\gameplay\\devices\\elevators\\appearances\\elevator_kitsch_a_jt_1_entrance_tv.ent","center":{"y":-651.78332519531,"x":-1363.9456787109,"z":5.8745803833008,"w":1},"waypointPosition":{"y":-646.81750488281,"x":-1352.0974121094,"z":7.7821350097656,"w":1},"elevatorTime":10,"secondaryPosition":{"y":0,"x":0,"z":0,"w":0},"stationID":13,"useSecondaryElevator":false,"useDoors":false,"elevatorPlayerRotation":{"yaw":-90.558952331543,"roll":0,"pitch":0},"radius":160,"elevatorPosition":{"y":-640.05035400391,"x":-1564.7309570313,"z":91.964309692383,"w":1}}