{"elevatorPath":"base\\gameplay\\devices\\elevators\\appearances\\elevator_neomilitary_a_entropy_1_entrance.ent","center":{"y":1181.0396728516,"x":-1457.1828613281,"z":45.969619750977,"w":1},"waypointPosition":{"y":1197.1082763672,"x":-1444.3247070313,"z":23.060508728027,"w":1},"elevatorTime":5,"stationID":6,"useDoors":false,"elevatorPlayerRotation":{"yaw":-90.245132446289,"roll":-0,"pitch":0},"radius":7,"elevatorPosition":{"y":1159.0721435547,"x":-1446.8690185547,"z":46.266983032227,"w":1}}