{"trainExit":{"rot":{"i":0,"r":0.71061545610428,"j":0,"k":-0.70358067750931},"pos":{"y":489.16766357422,"x":-2066.7331542969,"z":75.09489440918,"w":1}},"center":{"y":487.9948425293,"x":-2063.1481933594,"z":75.100006103516,"w":1},"id":7,"displayName":"Alexander St.","exitDoorSealed":true,"objectFileName":"alex_st_station_export.json","exitDoorPosition":{"y":483.65835571289,"x":-2058.0051269531,"z":75.100006103516,"w":1},"portalPoint":{"rot":{"i":0,"r":-0.70618015527725,"j":0,"k":-0.70803219079971},"pos":{"y":483.66705322266,"x":-2058.5541992188,"z":75.100006103516,"w":1}},"useDoors":true,"spawnOffset":-10,"groundPoint":{"rot":{"i":0,"r":0.70858585834503,"j":0,"k":0.70562463998795},"pos":{"y":481.70672607422,"x":-2066.9377441406,"z":8.0526657104492,"w":1}},"holdTime":5,"radius":22,"minZ":73}