{"radius":22.5,"portalPoint":{"pos":{"y":483.66705322266,"z":75.100006103516,"x":-2058.5541992188,"w":1},"rot":{"r":-0.70618015527725,"k":-0.70803219079971,"i":0,"j":0}},"exitDoorSealed":true,"spawnOffset":-10,"useDoors":true,"holdTime":5,"center":{"y":487.9948425293,"z":75.100006103516,"x":-2063.1481933594,"w":1},"objectFileName":"alex_st_station_export.json","exitDoorPosition":{"y":483.65835571289,"z":75.100006103516,"x":-2058.0051269531,"w":1},"trainExit":{"pos":{"y":489.16766357422,"z":75.09489440918,"x":-2066.7331542969,"w":1},"rot":{"r":0.71061545610428,"k":-0.70358067750931,"i":0,"j":0}},"minZ":73,"displayName":"Alexander St.","id":7,"bigRange":125,"groundPoint":{"pos":{"y":481.70672607422,"z":8.0526657104492,"x":-2066.9377441406,"w":1},"rot":{"r":0.70858585834503,"k":0.70562463998795,"i":0,"j":0}}}