{"trainExit":{"rot":{"i":0,"r":0.30200111865997,"j":0,"k":0.95330762863159},"pos":{"y":97.11897277832,"x":-76.524475097656,"z":51.040748596191,"w":1}},"center":{"y":89.915435791016,"x":-83.538772583008,"z":50.040061950684,"w":1},"id":10,"displayName":"Charter Hill","exitDoorSealed":true,"objectFileName":"Charter_export.json","exitDoorPosition":{"y":82.356323242188,"x":-77.606079101563,"z":50.039665222168,"w":1},"portalPoint":{"rot":{"i":0,"r":0.9522745013237,"j":0,"k":-0.30524307489395},"pos":{"y":82.811904907227,"x":-77.283676147461,"z":50.040054321289,"w":1}},"useDoors":false,"spawnOffset":-10,"groundPoint":{"rot":{"i":0,"r":0.31370782852173,"j":0,"k":0.94951957464218},"pos":{"y":84.499130249023,"x":-99.102310180664,"z":40.271339416504,"w":1}},"holdTime":6,"radius":18,"minZ":48.5}