{"trainExit":{"rot":{"i":0,"r":-0.89524537324905,"j":0,"k":-0.44557344913483},"pos":{"y":-415.20297241211,"x":-1035.1046142578,"z":99.120056152344,"w":1}},"center":{"y":-405.1296081543,"x":-1041.8082275391,"z":100.26121520996,"w":1},"id":12,"displayName":"Congress & MLK","exitDoorSealed":true,"objectFileName":"Congress_export.json","exitDoorPosition":{"y":-401.47177124023,"x":-1045.8187255859,"z":100.26193237305,"w":1},"portalPoint":{"rot":{"i":0,"r":-0.44768151640892,"j":0,"k":0.89419305324554},"pos":{"y":-401.82614135742,"x":-1045.3309326172,"z":100.26121520996,"w":1}},"useDoors":true,"spawnOffset":-10,"groundPoint":{"rot":{"i":0,"r":0.89348971843719,"j":0,"k":0.44908374547958},"pos":{"y":-349.05667114258,"x":-1025.9426269531,"z":5.7344818115234,"w":1}},"holdTime":7,"radius":16,"minZ":96}