{"trainExit":{"rot":{"i":0,"r":0.96599268913269,"j":0,"k":0.25856938958168},"pos":{"y":1861.3214111328,"x":-1768.7580566406,"z":49.470001220703,"w":1}},"center":{"y":1865.5219726563,"x":-1771.3166503906,"z":49.669982910156,"w":1},"id":1,"displayName":"Eisenhower Street","exitDoorSealed":true,"objectFileName":"Eisenhower_export.json","exitDoorPosition":{"y":1867.517578125,"x":-1771.4401855469,"z":49.669540405273,"w":1},"portalPoint":{"rot":{"i":0,"r":0.24920029938221,"j":0,"k":-0.96845203638077},"pos":{"y":1866.8944091797,"x":-1771.0836181641,"z":49.669982910156,"w":1}},"useDoors":true,"spawnOffset":-10,"groundPoint":{"rot":{"i":0,"r":-0.96713405847549,"j":0,"k":-0.25426745414734},"pos":{"y":1868.2124023438,"x":-1770.345703125,"z":18.260704040527,"w":1}},"holdTime":7,"radius":24,"minZ":47}