{"trainExit":{"rot":{"i":0,"r":0.65209871530533,"j":0,"k":0.75813406705856},"pos":{"y":1038.5129394531,"x":-1419.962890625,"z":45.73184967041,"w":1}},"center":{"y":1041.3461914063,"x":-1426.8394775391,"z":45.740821838379,"w":1},"id":3,"displayName":"Ellison Street","exitDoorSealed":true,"objectFileName":"Ellison_Station_export.json","exitDoorPosition":{"y":1044.9556884766,"x":-1432.9273681641,"z":45.740821838379,"w":1},"portalPoint":{"rot":{"i":0,"r":0.67526888847351,"j":0,"k":-0.73757171630859},"pos":{"y":1044.9212646484,"x":-1432.3312988281,"z":45.740821838379,"w":1}},"useDoors":true,"spawnOffset":-10,"groundPoint":{"rot":{"i":0,"r":0.73986619710922,"j":0,"k":0.67275404930115},"pos":{"y":1031.5144042969,"x":-1388.3651123047,"z":27.113693237305,"w":1}},"holdTime":6,"radius":24,"minZ":45}