{"trainExit":{"rot":{"i":0,"r":-0.04388165846467,"j":0,"k":-0.99903678894043},"pos":{"y":1481.8806152344,"x":-1605.8199462891,"z":49.420822143555,"w":1}},"center":{"y":1478.7718505859,"x":-1606.5212402344,"z":49.622421264648,"w":1},"id":5,"displayName":"Farrier Street","exitDoorSealed":true,"objectFileName":"Farrier_export.json","exitDoorPosition":{"y":1475.02734375,"x":-1607.0902099609,"z":49.620361328125,"w":1},"portalPoint":{"rot":{"i":0,"r":-0.99889397621155,"j":0,"k":0.047019492834806},"pos":{"y":1475.5815429688,"x":-1607.0126953125,"z":49.622421264648,"w":1}},"useDoors":true,"spawnOffset":-10,"groundPoint":{"rot":{"i":0,"r":0.044929455965757,"j":0,"k":0.99899023771286},"pos":{"y":1475.9630126953,"x":-1608.2935791016,"z":18.213150024414,"w":1}},"holdTime":7,"radius":22,"minZ":48}