{"trainExit":{"rot":{"i":0,"r":0.99986284971237,"j":0,"k":-0.01656336337328},"pos":{"y":-616.61309814453,"x":-1586.7143554688,"z":92.114898681641,"w":1}},"center":{"y":-605.9638671875,"x":-1584.6091308594,"z":93.21467590332,"w":1},"id":13,"displayName":"Glen North","exitDoorSealed":true,"objectFileName":"Glen North_export.json","exitDoorPosition":{"y":-602.06787109375,"x":-1584.0257568359,"z":93.21076965332,"w":1},"portalPoint":{"rot":{"i":0,"r":0.017872264608741,"j":0,"k":0.99984037876129},"pos":{"y":-602.64916992188,"x":-1584.0717773438,"z":93.21467590332,"w":1}},"useDoors":true,"spawnOffset":-10,"groundPoint":{"rot":{"i":0,"r":0.99979013204575,"j":0,"k":-0.02048858627677},"pos":{"y":-645.35888671875,"x":-1550.8536376953,"z":5.6418380737305,"w":1}},"holdTime":7,"radius":16,"minZ":88}