{"trainExit":{"rot":{"i":0,"r":0.031263712793589,"j":0,"k":0.9995111823082},"pos":{"y":-1283.84765625,"x":-1588.5593261719,"z":102.61706542969,"w":1}},"center":{"y":-1290.0607910156,"x":-1593.0810546875,"z":103.10241699219,"w":1},"id":15,"displayName":"Glen South","exitDoorSealed":true,"objectFileName":"Glen South_export.json","exitDoorPosition":{"y":-1295.0485839844,"x":-1593.4593505859,"z":103.10636901855,"w":1},"portalPoint":{"rot":{"i":0,"r":0.99920374155045,"j":0,"k":-0.039897389709949},"pos":{"y":-1294.451171875,"x":-1593.4124755859,"z":103.10241699219,"w":1}},"useDoors":true,"spawnOffset":-10,"groundPoint":{"rot":{"i":0,"r":0.99982023239136,"j":0,"k":-0.018965028226376},"pos":{"y":-1303.9777832031,"x":-1590.0604248047,"z":47.983863830566,"w":1}},"holdTime":6,"radius":18,"minZ":98}