{"trainExit":{"rot":{"i":0,"r":-0.29190021753311,"j":0,"k":-0.9564488530159},"pos":{"y":-1189.5145263672,"x":183.13777160645,"z":41.401924133301,"w":1}},"center":{"y":-1194.4936523438,"x":199.09646606445,"z":39.863174438477,"w":1},"id":20,"displayName":"Megabuilding H7","exitDoorSealed":true,"objectFileName":"H7_export.json","exitDoorPosition":{"y":-1195.0494384766,"x":199.34004211426,"z":39.869155883789,"w":1},"portalPoint":{"rot":{"i":0,"r":0.8845546245575,"j":0,"k":0.46643656492233},"pos":{"y":-1194.7099609375,"x":198.84303283691,"z":39.863174438477,"w":1}},"useDoors":true,"spawnOffset":-10,"groundPoint":{"rot":{"i":0,"r":0.29213184118271,"j":0,"k":0.95637810230255},"pos":{"y":-1180.3215332031,"x":157.00500488281,"z":31.560958862305,"w":1}},"holdTime":7,"radius":26,"minZ":0}