{"trainExit":{"rot":{"i":0,"r":-0.46710148453712,"j":0,"k":0.8842037320137},"pos":{"y":207.80000305176,"x":-590.81848144531,"z":86.917007446289,"w":1}},"center":{"y":207.30778503418,"x":-588.37084960938,"z":86.917007446289,"w":1},"id":11,"displayName":"Japantown South","exitDoorSealed":true,"objectFileName":"Japan_south_export.json","exitDoorPosition":{"y":206.51605224609,"x":-587.18804931641,"z":86.905532836914,"w":1},"portalPoint":{"rot":{"i":0,"r":-0.88493663072586,"j":0,"k":-0.46571165323257},"pos":{"y":206.87492370605,"x":-587.67346191406,"z":86.917007446289,"w":1}},"useDoors":true,"spawnOffset":-10,"groundPoint":{"rot":{"i":0,"r":-0.88712167739868,"j":0,"k":-0.46153578162193},"pos":{"y":208.29914855957,"x":-565.57434082031,"z":22.27970123291,"w":1}},"holdTime":7,"radius":14,"minZ":82}