{"trainExit":{"rot":{"i":0,"r":0.71061533689499,"j":0,"k":0.70358073711395},"pos":{"y":-649.23815917969,"x":-2025.1115722656,"z":111.77975463867,"w":1}},"center":{"y":-647.17834472656,"x":-2036.4155273438,"z":110.60209655762,"w":1},"id":14,"displayName":"Market St.","exitDoorSealed":true,"objectFileName":"Market_Station_export.json","exitDoorPosition":{"y":-649.00646972656,"x":-2041.7978515625,"z":110.60179138184,"w":1},"portalPoint":{"rot":{"i":0,"r":-0.70358061790466,"j":0,"k":0.71061551570892},"pos":{"y":-648.99609375,"x":-2041.1956787109,"z":110.60209655762,"w":1}},"useDoors":true,"spawnOffset":-10,"groundPoint":{"rot":{"i":0,"r":-0.7069199681282,"j":0,"k":0.7072936296463},"pos":{"y":-694.21887207031,"x":-2119.5578613281,"z":6.8103179931641,"w":1}},"holdTime":7,"radius":20,"minZ":109}