{"trainExit":{"rot":{"i":0,"r":0.73057639598846,"j":0,"k":0.68283098936081},"pos":{"y":1791.8836669922,"x":-1352.1202392578,"z":39.127227783203,"w":1}},"center":{"y":1791.5600585938,"x":-1357.4156494141,"z":39.891716003418,"w":1},"id":2,"displayName":"Med Center","exitDoorSealed":true,"objectFileName":"Med Center_export.json","exitDoorPosition":{"y":1790.8985595703,"x":-1359.4602050781,"z":39.880241394043,"w":1},"portalPoint":{"rot":{"i":0,"r":0.68987494707108,"j":0,"k":-0.72392863035202},"pos":{"y":1790.8706054688,"x":-1358.8586425781,"z":39.891716003418,"w":1}},"useDoors":true,"spawnOffset":-10,"groundPoint":{"rot":{"i":0,"r":0.043179158121347,"j":0,"k":0.99906742572784},"pos":{"y":1758.4943847656,"x":-1419.7709960938,"z":16.266395568848,"w":1}},"holdTime":7,"radius":12,"minZ":37.5}