{"trainExit":{"rot":{"i":0,"r":0.95641696453094,"j":0,"k":-0.29200452566147},"pos":{"y":1160.7216796875,"x":-508.00631713867,"z":98.026275634766,"w":1}},"center":{"y":1164.5415039063,"x":-506.41876220703,"z":98.427017211914,"w":1},"id":9,"displayName":"Monroe Street","exitDoorSealed":true,"objectFileName":"Monroe_export.json","exitDoorPosition":{"y":1166.9912109375,"x":-505.53952026367,"z":98.415542602539,"w":1},"portalPoint":{"rot":{"i":0,"r":-0.29575774073601,"j":0,"k":-0.95526301860809},"pos":{"y":1166.5050048828,"x":-505.8923034668,"z":98.427017211914,"w":1}},"useDoors":true,"spawnOffset":-10,"groundPoint":{"rot":{"i":0,"r":0.88703459501266,"j":0,"k":0.46170315146446},"pos":{"y":1130.8962402344,"x":-527.10107421875,"z":34.693809509277,"w":1}},"holdTime":6,"radius":10,"minZ":96}