{"trainExit":{"rot":{"i":0,"r":0.70696711540222,"j":0,"k":0.70724654197693},"pos":{"y":462.67810058594,"x":-1419.5688476563,"z":51.776504516602,"w":1}},"center":{"y":465.61553955078,"x":-1427.6981201172,"z":51.828063964844,"w":1},"id":4,"displayName":"Republic Way North","exitDoorSealed":true,"objectFileName":"rep_way_north_station_export.json","exitDoorPosition":{"y":465.68319702148,"x":-1433.0375976563,"z":51.818000793457,"w":1},"portalPoint":{"rot":{"i":0,"r":-0.70872616767883,"j":0,"k":0.70548379421234},"pos":{"y":465.64218139648,"x":-1432.3344726563,"z":51.828063964844,"w":1}},"useDoors":true,"spawnOffset":-10,"groundPoint":{"rot":{"i":0,"r":0.012628988362849,"j":0,"k":0.99992030858994},"pos":{"y":460.51449584961,"x":-1473.3361816406,"z":5.8168792724609,"w":1}},"holdTime":7,"radius":14,"minZ":51}