{"trainExit":{"rot":{"i":0,"r":0.023077486082911,"j":0,"k":0.99973374605179},"pos":{"y":432.78674316406,"x":-1517.7338867188,"z":42.884689331055,"w":1}},"center":{"y":417.2799987793,"x":-1520.6984863281,"z":43.923011779785,"w":1},"id":8,"displayName":"Republic Way West","exitDoorSealed":true,"objectFileName":"rep_way_west_station_export.json","exitDoorPosition":{"y":397.32952880859,"x":-1514.2414550781,"z":50.874000549316,"w":1},"portalPoint":{"rot":{"i":0,"r":-0.99938327074051,"j":0,"k":0.035115316510201},"pos":{"y":397.88528442383,"x":-1514.1949462891,"z":50.893371582031,"w":1}},"useDoors":true,"spawnOffset":-10,"groundPoint":{"rot":{"i":0,"r":0.024647925049067,"j":0,"k":0.99969625473022},"pos":{"y":373.07217407227,"x":-1519.3555908203,"z":11.337745666504,"w":1}},"holdTime":7,"radius":24,"minZ":41}