{"portalPoint":{"rot":{"i":0,"k":0.56029027700424,"r":0.82829642295837,"j":0},"pos":{"w":1,"z":74.511383056641,"x":-1484.6141357422,"y":-1934.8112792969}},"minZ":72,"exitDoorSealed":true,"trainExit":{"rot":{"i":0,"k":0.82412594556808,"r":-0.56640666723251,"j":0},"pos":{"w":1,"z":73.746887207031,"x":-1491.4521484375,"y":-1933.8138427734}},"objectFileName":"Stadion Parking_export.json","groundPoint":{"rot":{"i":0,"k":-0.21605750918388,"r":0.97638064622879,"j":0},"pos":{"w":1,"z":65.078033447266,"x":-1485.3640136719,"y":-1770.9093017578}},"exitDoorPosition":{"w":1,"z":74.499908447266,"x":-1484.0924072266,"y":-1935.0308837891},"useDoors":true,"bigRange":75, "holdTime":6,"center":{"w":1,"z":74.511383056641,"x":-1485.6513671875,"y":-1934.5402832031},"spawnOffset":-10,"id":17,"displayName":"Pacifica: Stadium Parking","radius":14}