{"trainExit":{"rot":{"i":0,"r":-0.56640666723251,"j":0,"k":0.82412594556808},"pos":{"y":-1933.8138427734,"x":-1491.4521484375,"z":73.746887207031,"w":1}},"center":{"y":-1934.5402832031,"x":-1485.6513671875,"z":74.511383056641,"w":1},"id":17,"displayName":"Pacifica: Stadium Parking","exitDoorSealed":true,"objectFileName":"Stadion Parking_export.json","exitDoorPosition":{"y":-1935.0308837891,"x":-1484.0924072266,"z":74.499908447266,"w":1},"portalPoint":{"rot":{"i":0,"r":-0.82353281974792,"j":0,"k":-0.56726855039597},"pos":{"y":-1934.7971191406,"x":-1484.6472167969,"z":74.511383056641,"w":1}},"useDoors":true,"spawnOffset":-10,"groundPoint":{"rot":{"i":0,"r":-0.99518477916718,"j":0,"k":-0.098016671836376},"pos":{"y":-1789.1608886719,"x":-1400.0051269531,"z":44.138809204102,"w":1}},"holdTime":6,"radius":14,"minZ":72}