{"trainExit":{"rot":{"i":0,"r":-0.19474482536316,"j":0,"k":-0.98085403442383},"pos":{"y":-1962.533203125,"x":-1507.2524414063,"z":87.760726928711,"w":1}},"center":{"y":-1967.1949462891,"x":-1508.9090576172,"z":87.105529785156,"w":1},"id":16,"displayName":"Pacifica: Stadium","exitDoorSealed":true,"objectFileName":"Stadion Main_export.json","exitDoorPosition":{"y":-1969.1842041016,"x":-1508.439453125,"z":87.094055175781,"w":1},"portalPoint":{"rot":{"i":0,"r":-0.98115867376328,"j":0,"k":0.19320385158062},"pos":{"y":-1968.6307373047,"x":-1508.203125,"z":87.105529785156,"w":1}},"useDoors":true,"spawnOffset":10,"groundPoint":{"rot":{"i":0,"r":0.83460557460785,"j":0,"k":0.55084800720215},"pos":{"y":-1939.7214355469,"x":-1540.9018554688,"z":62.847770690918,"w":1}},"holdTime":7,"radius":14,"minZ":83}