{"trainExit":{"rot":{"i":0,"r":-0.89077043533325,"j":0,"k":-0.45445358753204},"pos":{"y":-1406.5703125,"x":-1052.6612548828,"z":51.451080322266,"w":1}},"center":{"y":-1403.9899902344,"x":-1055.3975830078,"z":51.415885925293,"w":1},"id":18,"displayName":"Wollesen St.","exitDoorSealed":true,"objectFileName":"Wollesen_export.json","exitDoorPosition":{"y":-1401.7647705078,"x":-1057.8256835938,"z":51.415885925293,"w":1},"portalPoint":{"rot":{"i":0,"r":0.4549198448658,"j":0,"k":-0.89053249359131},"pos":{"y":-1402.0697021484,"x":-1057.3984375,"z":51.415885925293,"w":1}},"useDoors":true,"spawnOffset":-10,"groundPoint":{"rot":{"i":0,"r":0.30079406499863,"j":0,"k":0.9536891579628},"pos":{"y":-1426.5324707031,"x":-1068.5223388672,"z":30.795013427734,"w":1}},"holdTime":7,"radius":31,"minZ":50}