{"trainExit":{"rot":{"i":0,"r":0.33820343017578,"j":0,"k":-0.94107306003571},"pos":{"y":1169.9073486328,"x":-1458.6448974609,"z":46.745536804199,"w":1}},"center":{"y":1166.8511962891,"x":-1455.857421875,"z":47.180137634277,"w":1},"id":6,"displayName":"Zocalo","exitDoorSealed":true,"objectFileName":"Zocalo_export.json","exitDoorPosition":{"y":1165.7440185547,"x":-1453.224609375,"z":47.168663024902,"w":1},"portalPoint":{"rot":{"i":0,"r":0.94447731971741,"j":0,"k":0.32857689261436},"pos":{"y":1166.2142333984,"x":-1453.5825195313,"z":47.180137634277,"w":1}},"useDoors":true,"spawnOffset":-10,"groundPoint":{"rot":{"i":0,"r":-0.88423448801041,"j":0,"k":0.46704316139221},"pos":{"y":1180.8200683594,"x":-1457.5246582031,"z":45.96996307373,"w":1}},"holdTime":6,"radius":17,"minZ":45}